excel_id,code,cuadro,ubicacion
1,CBT-001,"SBH-SUMINISTRO EMERGE0","C.G.B.T."
2,CBT-002,"SBH-CONMUTACION","C.G.B.T."
3,CBT-003,"SBH-IGA1","C.G.B.T."
4,CBT-004,"SBH-QGD2","C.G.B.T."
5,CBT-005,"SBH-SUMINIST. EMERGENCIA1","C.G.B.T."
6,CBT-006,"SBH-SUMINIST. EMERGENCIA2","C.G.B.T."
7,CBT-007,"","C.G.B.T."
8,CBT-008,"SBH-SUMINISTRO NORMAL0","C.G.B.T."
9,CBT-009,"SBH-CABLEADO","C.G.B.T."
10,CBT-010,"SBH-SUMINISTRO NORMAL1","C.G.B.T."
11,CBT-011,"SBH-BYPASS","C.G.B.T."
12,CBT-012,"SBH-IGA2","C.G.B.T."
13,CBT-013,"SBH-PARKING","C.G.B.T."
14,CBT-014,"SBH-QGBD","C.G.B.T."
15,CBT-015,"SBH-SUBESC 0","C.G.B.T."
16,CBT-016,"SBH-SUBESC 1","C.G.B.T."
17,CBT-017,"SBH-SUB SERV. GENERALES","C.G.B.T."
18,CBT-018,"SBH-SAI","C.G.B.T."
19,CBT-019,"SBH-SALA BOMBAS","SSTT AGUA-1"
20,CBT-020,"SBH-CONTROL BOMBAS","SSTT AGUA-1"
21,CBT-021,"SBH-GYM SPA","GYM"
22,CBT-022,"SBH-SSTT SPA","SPA"
23,CBT-023,"SBH-GRUPO","PLANTA-2"
24,CBT-024,"SBH-PB","SSTT BACK P0"
25,CBT-025,"SBH-TERRAZA","OFFICE COCTAIL P0"
26,CBT-026,"SBH-COCINA","D. CHEF"
27,CBT-027,"SBH-ECHO","ECHO"
28,CBT-028,"SBH-P1","P1"
29,CBT-029,"SBH-DJ","CABINA DJ"
30,CBT-030,"SHB-P2 P3","PLANTA 2"
31,CBT-031,"SBH-P4 P5","PLANTA 4"
32,CBT-032,"SBH-P6 P7","PLANTA 6"
33,CBT-033,"SBH-P8 P9","PLANTA 8"
34,CBT-034,"SBH-P10 P11","PLANTA 10"
35,CBT-035,"SBH-P12 P13","PLANTA 12"
36,CBT-036,"SBH-P14","PLANTA 14"
37,CBT-037,"SBH-P15","PLANTA 15"
38,CBT-038,"SBH-P16","PLANTA 16"
39,CBT-039,"SBH-P17","PLANTA 17"
40,CBT-040,"SBH-P18","PLANTA 18"